<?xml version="1.0" encoding="UTF-8"?>
<project-private xmlns="http://www.netbeans.org/ns/project-private/1">
    <editor-bookmarks xmlns="http://www.netbeans.org/ns/editor-bookmarks/2" lastBookmarkId="0"/>
    <open-files xmlns="http://www.netbeans.org/ns/projectui-open-files/2">
        <group>
            <file>file:/C:/Users/ASUS/OneDrive/Documents/NetBeansProjects/PMChamCong/src/pmchamcong/Controller/ChamCongNhanVienController.java</file>
            <file>file:/C:/Users/ASUS/OneDrive/Documents/NetBeansProjects/PMChamCong/test/pmchamcong/Model/EmployeeTest.java</file>
            <file>file:/C:/Users/ASUS/OneDrive/Documents/NetBeansProjects/PMChamCong/src/pmchamcong/Controller/ExportFormController.java</file>
            <file>file:/C:/Users/ASUS/OneDrive/Documents/NetBeansProjects/PMChamCong/src/pmchamcong/Controller/HomePageController.java</file>
            <file>file:/C:/Users/ASUS/OneDrive/Documents/NetBeansProjects/PMChamCong/src/pmchamcong/PMChamCong.java</file>
            <file>file:/C:/Users/ASUS/OneDrive/Documents/NetBeansProjects/PMChamCong/src/pmchamcong/Controller/EmployeeDetail.java</file>
            <file>file:/C:/Users/ASUS/OneDrive/Documents/NetBeansProjects/PMChamCong/src/pmchamcong/View/EmployeeDetail.fxml</file>
        </group>
    </open-files>
</project-private>
